arquitetura,dataset,modo_treinamento,loss,augmentation,seed,mdice,miou,dice_classe_1,iou_classe_1,precision_classe_1,recall_classe_1
U-Net,OEDB,FS,BCE,True,42,0.8346491223748993,0.7288213074207306,0.7630545275614542,0.6258684984024834,0.7986604233874994,0.7446328701780123
U-Net,OEDB,FS,BCE,True,123,0.8333558326258379,0.7267017566105899,0.7610974272384363,0.6228340800632449,0.7962318943703875,0.7430651490302647
U-Net,OEDB,FS,BCE,True,2025,0.8319602087140083,0.7251798528082231,0.7597023001050248,0.621847201796139,0.7894579154603621,0.7469448004575336
U-Net,OEDB,FS,BCE,False,42,0.8324267697684905,0.7257492288070566,0.7592809467631227,0.621020729708321,0.8013144810410107,0.7367899133002057
U-Net,OEDB,FS,BCE,False,123,0.8308139027041548,0.7224869973519269,0.7590555520180393,0.6196508214754217,0.7792873689356972,0.7529625425882199
U-Net,OEDB,FS,BCE,False,2025,0.832259010304423,0.7266587895505568,0.757917380946524,0.6211225986480713,0.8029756887870676,0.7372276002869886
U-Net,OEDB,FS,DICE,True,42,0.8394746701507008,0.7334361501476344,0.7779590741676443,0.6431117493878392,0.7603497715557322,0.8106245008461616
U-Net,OEDB,FS,DICE,True,123,0.8372176280793022,0.7304861010874019,0.7756266089923242,0.6401994055246606,0.7539922945639667,0.8105253502726555
U-Net,OEDB,FS,DICE,True,2025,0.8356563523411751,0.7279796538984075,0.7737081278772915,0.6372991232749294,0.7530264140051954,0.8097544378217529
U-Net,OEDB,FS,DICE,False,42,0.8387255339938051,0.7342684277716804,0.7724395107258769,0.6390927429584896,0.7716550331781892,0.7889684754259446
U-Net,OEDB,FS,DICE,False,123,0.8389464612392818,0.7336515893830973,0.7751984464771607,0.640566610457266,0.7704966318081407,0.793140256229569
U-Net,OEDB,FS,DICE,False,2025,0.8378704479512047,0.7326173602658159,0.7733743843786857,0.638972119154299,0.7725519082125496,0.7889380459399784
U-Net,HE,FS,BCE,True,42,0.8307123822194559,0.7392885182742719,0.8076927794350518,0.7082618025717912,0.8369609927137692,0.8323173891614984
U-Net,HE,FS,BCE,True,123,0.8293703620080595,0.7381138136541402,0.8079755975968308,0.7094341634048356,0.8300807979371813,0.8420824201570617
U-Net,HE,FS,BCE,True,2025,0.8307420549569307,0.7388312328744817,0.8094001389850207,0.7108235149135537,0.8202483627669237,0.8443796534255078
U-Net,HE,FS,BCE,False,42,0.8389469576102716,0.7495127337950247,0.8151992340399711,0.7178854135141053,0.82976408942982,0.84543097998464
U-Net,HE,FS,BCE,False,123,0.8379413730568356,0.7480088692020487,0.8197793261320503,0.7229182946737166,0.8213533703375746,0.862591564544925
U-Net,HE,FS,BCE,False,2025,0.8327846390229684,0.741325580853003,0.8145634530871003,0.7163772464350417,0.8245976020892462,0.8528370458770681
U-Net,HE,FS,DICE,True,42,0.8216841375386273,0.7274355128959373,0.8055314904837697,0.7036517429131048,0.8171237692788795,0.8534601385946627
U-Net,HE,FS,DICE,True,123,0.8263778224035546,0.7359868685404459,0.8191057500463945,0.723030528170919,0.7852894315013179,0.9037988943013328
U-Net,HE,FS,DICE,True,2025,0.8269146403780689,0.7359300572563101,0.8121232869448485,0.7135010425139356,0.8035139655073483,0.8741332040616759
U-Net,HE,FS,DICE,False,42,0.8265031364228991,0.733442284056434,0.8109613239765168,0.7115796408443539,0.7959161015020476,0.883160068563841
U-Net,HE,FS,DICE,False,123,0.831635135853732,0.7416872500269501,0.8165091295071222,0.7208717099494404,0.7991554844158667,0.8894720874450824
U-Net,HE,FS,DICE,False,2025,0.8262006728737442,0.7351252282107318,0.8149263684396391,0.7172998206482993,0.7931622031662199,0.8839331238358109
U-Net,OEDB,PTALL,BCE,True,42,0.8503584142993478,0.7524671782465542,0.7847038099870962,0.6569758713902796,0.8197875206961351,0.7668734254205928
U-Net,OEDB,PTALL,BCE,True,123,0.8499372294720482,0.7513870864230043,0.784876290927915,0.6566755140528959,0.8131019543198978,0.7733470294624567
U-Net,OEDB,PTALL,BCE,True,2025,0.8522458545425359,0.7547737736912334,0.7887864586185006,0.6620222376111675,0.8112429590786204,0.7801176973563784
U-Net,OEDB,PTALL,BCE,False,42,0.8451180957696017,0.7444202615057721,0.7784632648177007,0.6480961185606087,0.8042150104747099,0.7684437228257165
U-Net,OEDB,PTALL,BCE,False,123,0.845422337160391,0.7444271594285965,0.7783608844175058,0.6469452428247999,0.8102443310267785,0.762235388817156
U-Net,OEDB,PTALL,BCE,False,2025,0.8443897476091105,0.7438577821149546,0.775894621058422,0.6452131777563516,0.8111780952004826,0.7599492410526556
U-Net,OEDB,PTALL,DICE,True,42,0.8542311809518758,0.7566733298932805,0.795428389135529,0.6699583039564245,0.7916303636396632,0.8120034860775751
U-Net,OEDB,PTALL,DICE,True,123,0.8505446310429012,0.7514709676889813,0.7909157767015345,0.6641766922000576,0.780842690345119,0.8145163291517425
U-Net,OEDB,PTALL,DICE,True,2025,0.8497006148099899,0.750076384667088,0.7890048182624227,0.6613550148904324,0.7832523040911731,0.8104754607467091
U-Net,OEDB,PTALL,DICE,False,42,0.8469996316468015,0.7473993020899156,0.781284511089325,0.6523937223588719,0.8023630849578801,0.7778957313036218
U-Net,OEDB,PTALL,DICE,False,123,0.8487909786841449,0.7495431225089466,0.7844241598949713,0.6558237489970291,0.8043762888101971,0.7798676213578266
U-Net,OEDB,PTALL,DICE,False,2025,0.8462295540991951,0.7458984479308128,0.7800190102528123,0.6498618460095981,0.8048553510623819,0.7693567002082572
U-Net,HE,PTALL,BCE,True,42,0.905875454125581,0.8396789791407409,0.8993520478407542,0.8262133790387047,0.8832526357085616,0.9249398216053292
U-Net,HE,PTALL,BCE,True,123,0.901467924868619,0.8340126554171244,0.8932410215889967,0.8189489873471083,0.8923715611298879,0.9089777063440394
U-Net,HE,PTALL,BCE,True,2025,0.8974727727748729,0.8281941683204086,0.8901722963209505,0.8139212646970042,0.8852624610618308,0.91026355293062
U-Net,HE,PTALL,BCE,False,42,0.9046876898518315,0.8378543750003532,0.8972341230622044,0.8232971017007474,0.8872769713401795,0.9183666712707943
U-Net,HE,PTALL,BCE,False,123,0.9036174588733249,0.8353892922401428,0.8951215415089219,0.8194533853619187,0.8891805253646992,0.9113550629880693
U-Net,HE,PTALL,BCE,False,2025,0.9011652485088065,0.8340842324274558,0.8901663255912287,0.8156061357370129,0.892732212499336,0.9032145851188236
U-Net,HE,PTALL,DICE,True,42,0.8938078003901022,0.8262799066525919,0.8869263671269572,0.8146927814482263,0.8852714943665045,0.9158046478164141
U-Net,HE,PTALL,DICE,True,123,0.8957984922108827,0.8280466905346623,0.8920473252595574,0.8191810184606799,0.8765549116664463,0.9256615687299657
U-Net,HE,PTALL,DICE,True,2025,0.8967124115537715,0.8288736036530248,0.892161858468144,0.8188377857760146,0.887530509630839,0.916022895110978
U-Net,HE,PTALL,DICE,False,42,0.8931801138100801,0.8232049447518808,0.8883557979707365,0.8126411337543417,0.873066176087768,0.922462039358086
U-Net,HE,PTALL,DICE,False,123,0.8975656546928265,0.8300455620995274,0.8908310349340792,0.8175781988435321,0.8819921400811938,0.918396970629692
U-Net,HE,PTALL,DICE,False,2025,0.8967937917621047,0.83003899079782,0.8889039210699222,0.8168403778915052,0.8806610155988622,0.9117511012487941
Attention U-Net,OEDB,FS,BCE,True,42,0.8097377130213905,0.6948154226822012,0.7259746456847471,0.5787220071343815,0.7707164638182696,0.7047653215772965
Attention U-Net,OEDB,FS,BCE,True,123,0.7995047323844012,0.6829166342230404,0.7081375516512814,0.5588356230188819,0.7759049324428334,0.6722831520087579
Attention U-Net,OEDB,FS,BCE,True,2025,0.8310092630631783,0.7233336839605781,0.7580865650054287,0.6186840538592899,0.7908595436636139,0.741837410365834
Attention U-Net,OEDB,FS,BCE,False,42,0.8201413505217608,0.7096352134557331,0.7407192243810963,0.5988078201737475,0.7796262892730096,0.7255767851191408
Attention U-Net,OEDB,FS,BCE,False,123,0.8174041299258962,0.705980488920913,0.7355154551127377,0.5919120700701195,0.7854349788497476,0.7091775161816793
Attention U-Net,OEDB,FS,BCE,False,2025,0.8073889735866996,0.6921880679095492,0.7218278931344256,0.5744038877241752,0.7668115759597105,0.6992164319928955
Attention U-Net,OEDB,FS,DICE,True,42,0.8156049913343262,0.6999034346903071,0.748693164657144,0.6048199416083448,0.7126710769884727,0.8050745576620102
Attention U-Net,OEDB,FS,DICE,True,123,0.815219385220724,0.6994971505859319,0.7485926177571801,0.604911617058165,0.7125979285029804,0.807424214832923
Attention U-Net,OEDB,FS,DICE,True,2025,0.8279688007691327,0.7173497571664698,0.764069559819558,0.6249342269318945,0.7341901072684456,0.8107559659025249
Attention U-Net,OEDB,FS,DICE,False,42,0.8276198252159006,0.7171487523352399,0.761739676927819,0.6226841645205722,0.7388204704312717,0.8004591184503892
Attention U-Net,OEDB,FS,DICE,False,123,0.8240906898589695,0.7120684578138239,0.7570518237702987,0.6166308101485757,0.7273771600688205,0.8034939814139815
Attention U-Net,OEDB,FS,DICE,False,2025,0.8427145836107871,0.7386860041057363,0.7806580320877188,0.6481424782644299,0.7626290299436626,0.8142419577959705
Attention U-Net,HE,FS,BCE,True,42,0.8381040853482705,0.7499117434024811,0.8149010888404317,0.7197330838966148,0.837521513303121,0.8378670730386619
Attention U-Net,HE,FS,BCE,True,123,0.8402235044373406,0.7537516618216479,0.8163419570497893,0.7240135847694344,0.8278955089273277,0.846837564309438
Attention U-Net,HE,FS,BCE,True,2025,0.8329832242594825,0.7426943357344027,0.8101466958445531,0.7132771507043529,0.8274690681033664,0.8397331983816845
Attention U-Net,HE,FS,BCE,False,42,0.8374356073361856,0.7477977371878094,0.8136887326836586,0.7166860315258856,0.8295870664495009,0.8436158492333359
Attention U-Net,HE,FS,BCE,False,123,0.8339378575483958,0.743377497571486,0.8118660087938662,0.7141718791038901,0.8280470628981237,0.8410971139040259
Attention U-Net,HE,FS,BCE,False,2025,0.8356430031635144,0.7475217346791868,0.8120673979322116,0.7181861020624638,0.8195745962637442,0.8498847025412101
Attention U-Net,HE,FS,DICE,True,42,0.8078857339642666,0.711740397165219,0.7953766336229078,0.6919110508370472,0.7985722983549176,0.8542687291359201
Attention U-Net,HE,FS,DICE,True,123,0.8163192298677232,0.7221106063436579,0.8082472615219929,0.7086413417149473,0.7935423536985009,0.8821159262348104
Attention U-Net,HE,FS,DICE,True,2025,0.8388601256741418,0.7500511307407308,0.8243614964463093,0.730701866718354,0.8142469264290951,0.8848637523750464
Attention U-Net,HE,FS,DICE,False,42,0.8277970481801916,0.73538204839936,0.8130811056053197,0.713520670392447,0.814207509987884,0.8631601104029902
Attention U-Net,HE,FS,DICE,False,123,0.81232765874377,0.7176508233503059,0.8061257991525862,0.70649366720959,0.7936139348480437,0.8791197731539055
Attention U-Net,HE,FS,DICE,False,2025,0.8445101427811164,0.7559836697799188,0.8266964183913337,0.7325344747415296,0.8142830183660542,0.8835559264377312
