repetition,seed,dataset,task,model,encoder,training mode,augmentation,loss,input_size,epochs,batch_size,dice_background_test,dice_foreground_test,mDice_test,iou_background_test,iou_foreground_test,mIoU_test,precision_foreground_test,recall_foreground_test,num_params,trainable_params,gflops,best_epoch,val_mDice_best
1,42,OEDB,segmentacao_binaria,UNetClassica,resnet34,FS,True,BCE,256x256,50,8,0.9054408143548405,0.759990023339496,0.832715420600246,0.830531557693201,0.6213221613536862,0.7259268602904152,0.7990532898727585,0.7379859528120827,24436369,24436369,7.8359,40,0.8354077754598676
1,123,OEDB,segmentacao_binaria,UNetClassica,resnet34,FS,True,BCE,256x256,50,8,0.9056117254145005,0.7583561800420284,0.8319839537143707,0.8305500745773315,0.6193566160166964,0.724953347707496,0.8003255619722254,0.7342167974394911,24436369,24436369,7.8359,36,0.8386764110940875
1,2025,OEDB,segmentacao_binaria,UNetClassica,resnet34,FS,True,BCE,256x256,50,8,0.9063303304069182,0.7646262606277185,0.8354782996808782,0.8317892025498783,0.6272203177213669,0.7295047623269698,0.7951130858239006,0.7493431392837974,24436369,24436369,7.8359,36,0.8408825993537903
1,42,OEDB,segmentacao_binaria,UNetClassica,resnet34,FS,False,BCE,256x256,50,8,0.9055725958417443,0.7592809467631227,0.8324267697684905,0.8304777228656937,0.621020729708321,0.7257492288070566,0.8013144810410107,0.7367899133002057,24436369,24436369,7.8359,12,0.8404207735350637
1,123,OEDB,segmentacao_binaria,UNetClassica,resnet34,FS,False,BCE,256x256,50,8,0.9025722540476743,0.7590555520180393,0.8308139027041548,0.8253231837468988,0.6196508214754217,0.7224869973519269,0.7792873689356972,0.7529625425882199,24436369,24436369,7.8359,19,0.8364307338541205
1,2025,OEDB,segmentacao_binaria,UNetClassica,resnet34,FS,False,BCE,256x256,50,8,0.906600642730208,0.757917380946524,0.832259010304423,0.8321949843974674,0.6211225986480713,0.7266587895505568,0.8029756887870676,0.7372276002869886,24436369,24436369,7.8359,18,0.8374449628772158
1,42,OEDB,segmentacao_binaria,UNetClassica,resnet34,FS,True,DICE,256x256,50,8,0.9019919186830521,0.7792403193957665,0.8406161183820051,0.8252559948493453,0.6451271809637547,0.7351915888926562,0.760479995433022,0.811811159200528,24436369,24436369,7.8359,44,0.839479897961472
1,123,OEDB,segmentacao_binaria,UNetClassica,resnet34,FS,True,DICE,256x256,50,8,0.8993618575965657,0.7758491346064735,0.8376054939101724,0.8218095924924401,0.6401579270468039,0.7309837604270262,0.7608175970175687,0.8058441259405192,24436369,24436369,7.8359,34,0.8380153088858633
1,2025,OEDB,segmentacao_binaria,UNetClassica,resnet34,FS,True,DICE,256x256,50,8,0.8980504397083732,0.7759827844360295,0.8370166114147972,0.8199215575176126,0.6407972024205852,0.73035938117434,0.7567913913551498,0.8107206505887649,24436369,24436369,7.8359,28,0.8383460749279369
1,42,OEDB,segmentacao_binaria,UNetClassica,resnet34,FS,False,DICE,256x256,50,8,0.9050115522216348,0.7724395107258769,0.8387255339938051,0.8294441103935242,0.6390927429584896,0.7342684277716804,0.7716550331781892,0.7889684754259446,24436369,24436369,7.8359,25,0.8444870638124871
1,123,OEDB,segmentacao_binaria,UNetClassica,resnet34,FS,False,DICE,256x256,50,8,0.902694475124864,0.7751984464771607,0.8389464612392818,0.8267365746638354,0.640566610457266,0.7336515893830973,0.7704966318081407,0.793140256229569,24436369,24436369,7.8359,17,0.8412970232241082
1,2025,OEDB,segmentacao_binaria,UNetClassica,resnet34,FS,False,DICE,256x256,50,8,0.9023665067027596,0.7733743843786857,0.8378704479512047,0.8262626094853177,0.638972119154299,0.7326173602658159,0.7725519082125496,0.7889380459399784,24436369,24436369,7.8359,31,0.8389995748346503
1,42,HE,segmentacao_binaria,UNetClassica,resnet34,FS,True,BCE,256x256,50,8,0.8569718950876484,0.8077792367863434,0.8323755648401049,0.7730115597170812,0.709796713647881,0.741404136021932,0.835364466353699,0.8334325830365911,24436369,24436369,7.8359,48,0.8155578612349927
1,123,HE,segmentacao_binaria,UNetClassica,resnet34,FS,True,BCE,256x256,50,8,0.8544990490984034,0.8174941504443133,0.8359965975637789,0.7707520445739782,0.7209178544580936,0.7458349507164073,0.8211051912771331,0.8631344886013755,24436369,24436369,7.8359,39,0.8186226901598275
1,2025,HE,segmentacao_binaria,UNetClassica,resnet34,FS,True,BCE,256x256,50,8,0.8550279851312991,0.8035193083186944,0.8292736483944787,0.7708107248500541,0.7023874727940118,0.73659909941532,0.8418339387686165,0.8174950853128125,24436369,24436369,7.8359,31,0.8145776451565325
1,42,HE,segmentacao_binaria,UNetClassica,resnet34,FS,False,BCE,256x256,50,8,0.8626946857957928,0.8151992340399711,0.8389469576102716,0.7811400552728662,0.7178854135141053,0.7495127337950247,0.82976408942982,0.84543097998464,24436369,24436369,7.8359,48,0.8210736261680722
1,123,HE,segmentacao_binaria,UNetClassica,resnet34,FS,False,BCE,256x256,50,8,0.8561034237879708,0.8197793261320503,0.8379413730568356,0.7730994464674343,0.7229182946737166,0.7480088692020487,0.8213533703375746,0.862591564544925,24436369,24436369,7.8359,32,0.8280807435512543
1,2025,HE,segmentacao_binaria,UNetClassica,resnet34,FS,False,BCE,256x256,50,8,0.851005823303152,0.8145634530871003,0.8327846390229684,0.7662739151053959,0.7163772464350417,0.741325580853003,0.8245976020892462,0.8528370458770681,24436369,24436369,7.8359,35,0.8255286482162774
1,42,HE,segmentacao_binaria,UNetClassica,resnet34,FS,True,DICE,256x256,50,8,0.8278334582293475,0.8060185848562805,0.8169260222050879,0.7403267786872608,0.7052731330747958,0.722799955887927,0.7942996738685502,0.8722405750994329,24436369,24436369,7.8359,33,0.7854691408574581
1,123,HE,segmentacao_binaria,UNetClassica,resnet34,FS,True,DICE,256x256,50,8,0.8484865677301531,0.8066732206830272,0.827579896317588,0.7643640272388303,0.7070287903149922,0.7356964065520851,0.8236871108964637,0.8449704479840067,24436369,24436369,7.8359,20,0.8027770332992077
1,2025,HE,segmentacao_binaria,UNetClassica,resnet34,FS,True,DICE,256x256,50,8,0.8403022253678905,0.8112282978163825,0.8257652577426698,0.7538873128523981,0.7111359958847364,0.7325116526197504,0.799753978241373,0.879136480556594,24436369,24436369,7.8359,42,0.7982067950069904
1,42,HE,segmentacao_binaria,UNetClassica,resnet34,FS,False,DICE,256x256,50,8,0.8420449508216095,0.8109613239765168,0.8265031364228991,0.755304931273201,0.7115796408443539,0.733442284056434,0.7959161015020476,0.883160068563841,24436369,24436369,7.8359,31,0.7985213496722281
1,123,HE,segmentacao_binaria,UNetClassica,resnet34,FS,False,DICE,256x256,50,8,0.8467611380197384,0.8165091295071222,0.831635135853732,0.7625027874829593,0.7208717099494404,0.7416872500269501,0.7991554844158667,0.8894720874450824,24436369,24436369,7.8359,29,0.8176760324276984
1,2025,HE,segmentacao_binaria,UNetClassica,resnet34,FS,False,DICE,256x256,50,8,0.8374749787703708,0.8149263684396391,0.8262006728737442,0.7529506340277967,0.7172998206482993,0.7351252282107318,0.7931622031662199,0.8839331238358109,24436369,24436369,7.8359,45,0.8047395311295986
1,42,OEDB,segmentacao_binaria,UNetClassica,resnet34,PTALL,True,BCE,256x256,50,8,0.915693973793703,0.7883407918407637,0.8520173794206451,0.8473449682488161,0.6603518781416556,0.7538484229761011,0.8133023030617658,0.7778732919079416,24436369,24436369,7.8359,37,0.8592760400338606
1,123,OEDB,segmentacao_binaria,UNetClassica,resnet34,PTALL,True,BCE,256x256,50,8,0.9158388647963019,0.788626782815246,0.8522328261066886,0.8476512072717443,0.6618689993286834,0.7547601014375687,0.8116830583004391,0.7796810727347346,24436369,24436369,7.8359,41,0.8573207819100582
1,2025,OEDB,segmentacao_binaria,UNetClassica,resnet34,PTALL,True,BCE,256x256,50,8,0.9157959205262801,0.7888669674010838,0.852331445497625,0.8475759713088765,0.6626344119362971,0.7551051921704236,0.8114026149406153,0.7820645942188361,24436369,24436369,7.8359,22,0.8576443683017384
1,42,OEDB,segmentacao_binaria,UNetClassica,resnet34,PTALL,False,BCE,256x256,50,8,0.9117729181752485,0.7784632648177007,0.8451180957696017,0.8407443972194896,0.6480961185606087,0.7444202615057721,0.8042150104747099,0.7684437228257165,24436369,24436369,7.8359,14,0.8490399971152797
1,123,OEDB,segmentacao_binaria,UNetClassica,resnet34,PTALL,False,BCE,256x256,50,8,0.9124837798230788,0.7783608844175058,0.845422337160391,0.841909078114173,0.6469452428247999,0.7444271594285965,0.8102443310267785,0.762235388817156,24436369,24436369,7.8359,17,0.8472938898837927
1,2025,OEDB,segmentacao_binaria,UNetClassica,resnet34,PTALL,False,BCE,256x256,50,8,0.9128848770085503,0.775894621058422,0.8443897476091105,0.8425023836248061,0.6452131777563516,0.7438577821149546,0.8111780952004826,0.7599492410526556,24436369,24436369,7.8359,16,0.8514416308114023
1,42,OEDB,segmentacao_binaria,UNetClassica,resnet34,PTALL,True,DICE,256x256,50,8,0.9108669582535239,0.7927326150238514,0.8517997913500842,0.8397532385938308,0.6663301101721385,0.7530416710411801,0.7810228155816302,0.8183265168438939,24436369,24436369,7.8359,41,0.8553102702805491
1,123,OEDB,segmentacao_binaria,UNetClassica,resnet34,PTALL,True,DICE,256x256,50,8,0.9130100485156564,0.7935073202585473,0.8532586816479178,0.8431067089824116,0.667825702468262,0.7554662043557447,0.7896740252480787,0.8132703687776538,24436369,24436369,7.8359,34,0.8554528319474423
1,2025,OEDB,segmentacao_binaria,UNetClassica,resnet34,PTALL,True,DICE,256x256,50,8,0.9113870718899895,0.7933288337114979,0.852357949842425,0.8407849849146956,0.666435953010531,0.7536104733453077,0.7876429592861849,0.8125913252725321,24436369,24436369,7.8359,31,0.8563318144191395
1,42,OEDB,segmentacao_binaria,UNetClassica,resnet34,PTALL,False,DICE,256x256,50,8,0.9127147495746613,0.781284511089325,0.8469996316468015,0.8424048800678814,0.6523937223588719,0.7473993020899156,0.8023630849578801,0.7778957313036218,24436369,24436369,7.8359,16,0.8505916252280726
1,123,OEDB,segmentacao_binaria,UNetClassica,resnet34,PTALL,False,DICE,256x256,50,8,0.9131577996646657,0.7844241598949713,0.8487909786841449,0.8432624988696155,0.6558237489970291,0.7495431225089466,0.8043762888101971,0.7798676213578266,24436369,24436369,7.8359,12,0.8510272918325482
1,2025,OEDB,segmentacao_binaria,UNetClassica,resnet34,PTALL,False,DICE,256x256,50,8,0.9124400904949974,0.7800190102528123,0.8462295540991951,0.8419350569739061,0.6498618460095981,0.7458984479308128,0.8048553510623819,0.7693567002082572,24436369,24436369,7.8359,21,0.8532963756358984
1,42,HE,segmentacao_binaria,UNetClassica,resnet34,PTALL,True,BCE,256x256,50,8,0.912263428259434,0.9027678043754013,0.9075156183154495,0.8536934684522243,0.8306192671811139,0.8421563667279702,0.8934343143745705,0.9219614143724795,24436369,24436369,7.8359,23,0.8890446843579412
1,123,HE,segmentacao_binaria,UNetClassica,resnet34,PTALL,True,BCE,256x256,50,8,0.9089041736390856,0.8964150446432608,0.9026596128940583,0.8485777086681789,0.8228191397808217,0.8356984231207106,0.8904492974281311,0.9166111248510855,24436369,24436369,7.8359,50,0.8835189510136843
1,2025,HE,segmentacao_binaria,UNetClassica,resnet34,PTALL,True,BCE,256x256,50,8,0.9071705513530307,0.8904100142143391,0.8987902839978535,0.8453598424240395,0.8147476258101287,0.8300537316887467,0.8864045134297124,0.9109966658883625,24436369,24436369,7.8359,41,0.8819605987519026
1,42,HE,segmentacao_binaria,UNetClassica,resnet34,PTALL,False,BCE,256x256,50,8,0.9121412509983337,0.8972341230622044,0.9046876898518315,0.85241165275651,0.8232971017007474,0.8378543750003532,0.8872769713401795,0.9183666712707943,24436369,24436369,7.8359,47,0.8830500040203333
1,123,HE,segmentacao_binaria,UNetClassica,resnet34,PTALL,False,BCE,256x256,50,8,0.9121133703876425,0.8951215415089219,0.9036174588733249,0.8513251936546078,0.8194533853619187,0.8353892922401428,0.8891805253646992,0.9113550629880693,24436369,24436369,7.8359,23,0.8828855324536562
1,2025,HE,segmentacao_binaria,UNetClassica,resnet34,PTALL,False,BCE,256x256,50,8,0.9121641719403366,0.8901663255912287,0.9011652485088065,0.8525623294792173,0.8156061357370129,0.8340842324274558,0.892732212499336,0.9032145851188236,24436369,24436369,7.8359,41,0.8843741519376636
1,42,HE,segmentacao_binaria,UNetClassica,resnet34,PTALL,True,DICE,256x256,50,8,0.9042019839640016,0.8868108279727124,0.8955064045058356,0.8418825463012413,0.814375147609799,0.82812884427883,0.8815431475639344,0.9095786517968885,24436369,24436369,7.8359,38,0.8827256727963686
1,123,HE,segmentacao_binaria,UNetClassica,resnet34,PTALL,True,DICE,256x256,50,8,0.9084159466955397,0.8947299546665616,0.9015729504602926,0.8479724970128801,0.8257565957528573,0.8368645495838589,0.8786404223353774,0.9193222160692568,24436369,24436369,7.8359,30,0.8838064363226295
1,2025,HE,segmentacao_binaria,UNetClassica,resnet34,PTALL,True,DICE,256x256,50,8,0.9004980378680759,0.8877417110079141,0.894119875519364,0.8384409851498074,0.8145143720924992,0.8264776788375996,0.8766188469198015,0.9205184425003137,24436369,24436369,7.8359,43,0.8786658430472016
1,42,HE,segmentacao_binaria,UNetClassica,resnet34,PTALL,False,DICE,256x256,50,8,0.8980044223644116,0.8883557979707365,0.8931801138100801,0.8337687571843465,0.8126411337543417,0.8232049447518808,0.873066176087768,0.922462039358086,24436369,24436369,7.8359,22,0.875270658172667
1,123,HE,segmentacao_binaria,UNetClassica,resnet34,PTALL,False,DICE,256x256,50,8,0.9043002700364148,0.8908310349340792,0.8975656546928265,0.8425129265696915,0.8175781988435321,0.8300455620995274,0.8819921400811938,0.918396970629692,24436369,24436369,7.8359,18,0.8784104809165001
1,2025,HE,segmentacao_binaria,UNetClassica,resnet34,PTALL,False,DICE,256x256,50,8,0.9046836570457176,0.8889039210699222,0.8967937917621047,0.8432376038283109,0.8168403778915052,0.83003899079782,0.8806610155988622,0.9117511012487941,24436369,24436369,7.8359,39,0.8860824797302485
1,42,OEDB,segmentacao_binaria,AttentionUNet,custom_from_scratch,FS,True,BCE,256x256,50,8,0.8869750552317676,0.7251386002582663,0.8060568264302086,0.8005138302550596,0.5749310127952519,0.6877224191146738,0.7412018425324384,0.7238244125071693,31389165,31389165,49.3249,20,0.8043872479236487
1,123,OEDB,segmentacao_binaria,AttentionUNet,custom_from_scratch,FS,True,BCE,256x256,50,8,0.8937863768900142,0.7212628288304105,0.8075246022028082,0.8115674493943944,0.574611256008639,0.6930893532493535,0.7760610786430976,0.6942790391690591,31389165,31389165,49.3249,36,0.8128062179594329
1,2025,OEDB,segmentacao_binaria,AttentionUNet,custom_from_scratch,FS,True,BCE,256x256,50,8,0.8906963940928964,0.7181399666211185,0.8044181843014324,0.8066513284164316,0.5681337306604666,0.687392528004506,0.765343114733696,0.6903581224820193,31389165,31389165,49.3249,36,0.8026601509614424
1,42,OEDB,segmentacao_binaria,AttentionUNet,custom_from_scratch,FS,False,BCE,256x256,50,8,0.8995634738136741,0.7407192243810963,0.8201413505217608,0.8204626015880528,0.5988078201737475,0.7096352134557331,0.7796262892730096,0.7255767851191408,31389165,31389165,49.3249,42,0.82572715029572
1,123,OEDB,segmentacao_binaria,AttentionUNet,custom_from_scratch,FS,False,BCE,256x256,50,8,0.8992928117513657,0.7355154551127377,0.8174041299258962,0.8200489111682948,0.5919120700701195,0.705980488920913,0.7854349788497476,0.7091775161816793,31389165,31389165,49.3249,29,0.8277315678018512
1,2025,OEDB,segmentacao_binaria,AttentionUNet,custom_from_scratch,FS,False,BCE,256x256,50,8,0.892950052724165,0.7218278931344256,0.8073889735866996,0.8099722564220428,0.5744038877241752,0.6921880679095492,0.7668115759597105,0.6992164319928955,31389165,31389165,49.3249,36,0.8085809331951719
1,42,OEDB,segmentacao_binaria,AttentionUNet,custom_from_scratch,FS,True,DICE,256x256,50,8,0.8846814553527271,0.7519489211194655,0.8183151913039824,0.7983655434320954,0.6088393387549064,0.7036024428465787,0.7176990627365953,0.8047804188202409,31389165,31389165,49.3249,46,0.8202343456672899
1,123,OEDB,segmentacao_binaria,AttentionUNet,custom_from_scratch,FS,True,DICE,256x256,50,8,0.8788997495875639,0.7435389827279484,0.8112193661577561,0.7894348602961091,0.5986928229822832,0.6940638383521753,0.7028447354541105,0.8064584412118968,31389165,31389165,49.3249,41,0.8095008279338027
1,2025,OEDB,segmentacao_binaria,AttentionUNet,custom_from_scratch,FS,True,DICE,256x256,50,8,0.8950339450555689,0.7708161070066339,0.8329250247162931,0.8149325352381257,0.6336887768086266,0.7243106584338581,0.7422201252158951,0.8146150418940712,31389165,31389165,49.3249,31,0.8294691407319271
1,42,OEDB,segmentacao_binaria,AttentionUNet,custom_from_scratch,FS,False,DICE,256x256,50,8,0.8934999774484074,0.761739676927819,0.8276198252159006,0.8116133335758658,0.6226841645205722,0.7171487523352399,0.7388204704312717,0.8004591184503892,31389165,31389165,49.3249,41,0.8299580830516238
1,123,OEDB,segmentacao_binaria,AttentionUNet,custom_from_scratch,FS,False,DICE,256x256,50,8,0.8911295612068737,0.7570518237702987,0.8240906898589695,0.8075061067938805,0.6166308101485757,0.7120684578138239,0.7273771600688205,0.8034939814139815,31389165,31389165,49.3249,34,0.8261745030229742
1,2025,OEDB,segmentacao_binaria,AttentionUNet,custom_from_scratch,FS,False,DICE,256x256,50,8,0.9047711412696278,0.7806580320877188,0.8427145836107871,0.8292295419994522,0.6481424782644299,0.7386860041057363,0.7626290299436626,0.8142419577959705,31389165,31389165,49.3249,23,0.8405447439713911
1,42,HE,segmentacao_binaria,AttentionUNet,custom_from_scratch,FS,True,BCE,256x256,50,8,0.8565202551031554,0.8027376270128621,0.8296289417478774,0.774375973586683,0.7056385790722237,0.7400072775505208,0.8380273709694545,0.8216903173399193,31389165,31389165,49.3249,49,0.8109503430314362
1,123,HE,segmentacao_binaria,AttentionUNet,custom_from_scratch,FS,True,BCE,256x256,50,8,0.8591790950960583,0.8083658189961204,0.8337724564252076,0.7765727145252405,0.7130697954446077,0.7448212533085434,0.8235165373594673,0.8410005006801199,31389165,31389165,49.3249,31,0.8196224253624678
1,2025,HE,segmentacao_binaria,AttentionUNet,custom_from_scratch,FS,True,BCE,256x256,50,8,0.85500216619629,0.8157596208431103,0.8353808943872099,0.7732626541155494,0.7208445704093686,0.7470536141483872,0.821900986024627,0.8561079285211033,31389165,31389165,49.3249,22,0.8177851550281048
1,42,HE,segmentacao_binaria,AttentionUNet,custom_from_scratch,FS,False,BCE,256x256,50,8,0.8611824819887126,0.8136887326836586,0.8374356073361856,0.7789094443950388,0.7166860315258856,0.7477977371878094,0.8295870664495009,0.8436158492333359,31389165,31389165,49.3249,28,0.8200842579826713
1,123,HE,segmentacao_binaria,AttentionUNet,custom_from_scratch,FS,False,BCE,256x256,50,8,0.8560097095746271,0.8118660087938662,0.8339378575483958,0.7725831179448438,0.7141718791038901,0.743377497571486,0.8280470628981237,0.8410971139040259,31389165,31389165,49.3249,36,0.8162184152752161
1,2025,HE,segmentacao_binaria,AttentionUNet,custom_from_scratch,FS,False,BCE,256x256,50,8,0.8592186108852427,0.8120673979322116,0.8356430031635144,0.7768573691551056,0.7181861020624638,0.7475217346791868,0.8195745962637442,0.8498847025412101,31389165,31389165,49.3249,32,0.8260202230885625
1,42,HE,segmentacao_binaria,AttentionUNet,custom_from_scratch,FS,True,DICE,256x256,50,8,0.8383561758393491,0.811589276349103,0.8249727255768247,0.7529128474769768,0.7121289119676307,0.7325208791152195,0.8087019053322297,0.86630994423672,31389165,31389165,49.3249,33,0.7886931756511331
1,123,HE,segmentacao_binaria,AttentionUNet,custom_from_scratch,FS,True,DICE,256x256,50,8,0.8450542787296904,0.8157358616038605,0.8303950733056775,0.7609030008040093,0.7204868367976612,0.740694917048569,0.810109351851322,0.8753151200987674,31389165,31389165,49.3249,28,0.8045224109664559
1,2025,HE,segmentacao_binaria,AttentionUNet,custom_from_scratch,FS,True,DICE,256x256,50,8,0.8396218529729932,0.8091370426394321,0.8243794464954624,0.7517701314900208,0.7096812725619034,0.7307257020914996,0.7990658320762493,0.873594772429378,31389165,31389165,49.3249,31,0.7978627923876047
1,42,HE,segmentacao_binaria,AttentionUNet,custom_from_scratch,FS,False,DICE,256x256,50,8,0.8425129899410186,0.8130811056053197,0.8277970481801916,0.7572434317527545,0.713520670392447,0.73538204839936,0.814207509987884,0.8631601104029902,31389165,31389165,49.3249,27,0.8010170292109251
1,123,HE,segmentacao_binaria,AttentionUNet,custom_from_scratch,FS,False,DICE,256x256,50,8,0.8185295225362534,0.8061257991525862,0.81232765874377,0.7288079759968376,0.70649366720959,0.7176508233503059,0.7936139348480437,0.8791197731539055,31389165,31389165,49.3249,28,0.7895882180891931
1,2025,HE,segmentacao_binaria,AttentionUNet,custom_from_scratch,FS,False,DICE,256x256,50,8,0.8623238686058257,0.8266964183913337,0.8445101427811164,0.7794328657013398,0.7325344747415296,0.7559836697799188,0.8142830183660542,0.8835559264377312,31389165,31389165,49.3249,31,0.8258174629881978
